{
    "dataset_id": "twitter_data_train",
    "num_fields": 128,
    "total_features": 4537001,
    "input_length": 128,
    "labels": [
        "label"
    ],
    "features": [
        {
            "src_col1": {
                "source": "",
                "type": "categorical",
                "padding_idx": 0,
                "vocab_size": 24963
            }
        },
        {
            "src_col2": {
                "source": "",
                "type": "categorical",
                "padding_idx": 0,
                "vocab_size": 25001
            }
        },
        {
            "src_col3": {
                "source": "",
                "type": "categorical",
                "padding_idx": 0,
                "vocab_size": 24977
            }
        },
        {
            "src_col4": {
                "source": "",
                "type": "categorical",
                "padding_idx": 0,
                "vocab_size": 24962
            }
        },
        {
            "src_col5": {
                "source": "",
                "type": "categorical",
                "padding_idx": 0,
                "vocab_size": 24973
            }
        },
        {
            "src_col6": {
                "source": "",
                "type": "categorical",
                "padding_idx": 0,
                "vocab_size": 24977
            }
        },
        {
            "src_col7": {
                "source": "",
                "type": "categorical",
                "padding_idx": 0,
                "vocab_size": 25015
            }
        },
        {
            "src_col8": {
                "source": "",
                "type": "categorical",
                "padding_idx": 0,
                "vocab_size": 24989
            }
        },
        {
            "src_col9": {
                "source": "",
                "type": "categorical",
                "padding_idx": 0,
                "vocab_size": 24966
            }
        },
        {
            "src_col10": {
                "source": "",
                "type": "categorical",
                "padding_idx": 0,
                "vocab_size": 24965
            }
        },
        {
            "src_col11": {
                "source": "",
                "type": "categorical",
                "padding_idx": 0,
                "vocab_size": 24963
            }
        },
        {
            "src_col12": {
                "source": "",
                "type": "categorical",
                "padding_idx": 0,
                "vocab_size": 25011
            }
        },
        {
            "src_col13": {
                "source": "",
                "type": "categorical",
                "padding_idx": 0,
                "vocab_size": 24998
            }
        },
        {
            "src_col14": {
                "source": "",
                "type": "categorical",
                "padding_idx": 0,
                "vocab_size": 25004
            }
        },
        {
            "src_col15": {
                "source": "",
                "type": "categorical",
                "padding_idx": 0,
                "vocab_size": 24920
            }
        },
        {
            "src_col16": {
                "source": "",
                "type": "categorical",
                "padding_idx": 0,
                "vocab_size": 24971
            }
        },
        {
            "src_col17": {
                "source": "",
                "type": "categorical",
                "padding_idx": 0,
                "vocab_size": 24980
            }
        },
        {
            "src_col18": {
                "source": "",
                "type": "categorical",
                "padding_idx": 0,
                "vocab_size": 24999
            }
        },
        {
            "src_col19": {
                "source": "",
                "type": "categorical",
                "padding_idx": 0,
                "vocab_size": 25004
            }
        },
        {
            "src_col20": {
                "source": "",
                "type": "categorical",
                "padding_idx": 0,
                "vocab_size": 24992
            }
        },
        {
            "src_col21": {
                "source": "",
                "type": "categorical",
                "padding_idx": 0,
                "vocab_size": 24971
            }
        },
        {
            "src_col22": {
                "source": "",
                "type": "categorical",
                "padding_idx": 0,
                "vocab_size": 24977
            }
        },
        {
            "src_col23": {
                "source": "",
                "type": "categorical",
                "padding_idx": 0,
                "vocab_size": 24962
            }
        },
        {
            "src_col24": {
                "source": "",
                "type": "categorical",
                "padding_idx": 0,
                "vocab_size": 25019
            }
        },
        {
            "src_col25": {
                "source": "",
                "type": "categorical",
                "padding_idx": 0,
                "vocab_size": 25066
            }
        },
        {
            "src_col26": {
                "source": "",
                "type": "categorical",
                "padding_idx": 0,
                "vocab_size": 25008
            }
        },
        {
            "src_col27": {
                "source": "",
                "type": "categorical",
                "padding_idx": 0,
                "vocab_size": 24995
            }
        },
        {
            "src_col28": {
                "source": "",
                "type": "categorical",
                "padding_idx": 0,
                "vocab_size": 24996
            }
        },
        {
            "src_col29": {
                "source": "",
                "type": "categorical",
                "padding_idx": 0,
                "vocab_size": 24965
            }
        },
        {
            "src_col30": {
                "source": "",
                "type": "categorical",
                "padding_idx": 0,
                "vocab_size": 24968
            }
        },
        {
            "src_col31": {
                "source": "",
                "type": "categorical",
                "padding_idx": 0,
                "vocab_size": 24967
            }
        },
        {
            "src_col32": {
                "source": "",
                "type": "categorical",
                "padding_idx": 0,
                "vocab_size": 24951
            }
        },
        {
            "src_col33": {
                "source": "",
                "type": "categorical",
                "padding_idx": 0,
                "vocab_size": 24992
            }
        },
        {
            "src_col34": {
                "source": "",
                "type": "categorical",
                "padding_idx": 0,
                "vocab_size": 24996
            }
        },
        {
            "src_col35": {
                "source": "",
                "type": "categorical",
                "padding_idx": 0,
                "vocab_size": 24981
            }
        },
        {
            "src_col36": {
                "source": "",
                "type": "categorical",
                "padding_idx": 0,
                "vocab_size": 25009
            }
        },
        {
            "src_col37": {
                "source": "",
                "type": "categorical",
                "padding_idx": 0,
                "vocab_size": 24959
            }
        },
        {
            "src_col38": {
                "source": "",
                "type": "categorical",
                "padding_idx": 0,
                "vocab_size": 24992
            }
        },
        {
            "src_col39": {
                "source": "",
                "type": "categorical",
                "padding_idx": 0,
                "vocab_size": 24971
            }
        },
        {
            "src_col40": {
                "source": "",
                "type": "categorical",
                "padding_idx": 0,
                "vocab_size": 24967
            }
        },
        {
            "src_col41": {
                "source": "",
                "type": "categorical",
                "padding_idx": 0,
                "vocab_size": 24969
            }
        },
        {
            "src_col42": {
                "source": "",
                "type": "categorical",
                "padding_idx": 0,
                "vocab_size": 24955
            }
        },
        {
            "src_col43": {
                "source": "",
                "type": "categorical",
                "padding_idx": 0,
                "vocab_size": 24979
            }
        },
        {
            "src_col44": {
                "source": "",
                "type": "categorical",
                "padding_idx": 0,
                "vocab_size": 24974
            }
        },
        {
            "src_col45": {
                "source": "",
                "type": "categorical",
                "padding_idx": 0,
                "vocab_size": 24958
            }
        },
        {
            "src_col46": {
                "source": "",
                "type": "categorical",
                "padding_idx": 0,
                "vocab_size": 24975
            }
        },
        {
            "src_col47": {
                "source": "",
                "type": "categorical",
                "padding_idx": 0,
                "vocab_size": 25016
            }
        },
        {
            "src_col48": {
                "source": "",
                "type": "categorical",
                "padding_idx": 0,
                "vocab_size": 25027
            }
        },
        {
            "src_col49": {
                "source": "",
                "type": "categorical",
                "padding_idx": 0,
                "vocab_size": 25020
            }
        },
        {
            "src_col50": {
                "source": "",
                "type": "categorical",
                "padding_idx": 0,
                "vocab_size": 24971
            }
        },
        {
            "src_col51": {
                "source": "",
                "type": "categorical",
                "padding_idx": 0,
                "vocab_size": 24954
            }
        },
        {
            "src_col52": {
                "source": "",
                "type": "categorical",
                "padding_idx": 0,
                "vocab_size": 24958
            }
        },
        {
            "src_col53": {
                "source": "",
                "type": "categorical",
                "padding_idx": 0,
                "vocab_size": 24993
            }
        },
        {
            "src_col54": {
                "source": "",
                "type": "categorical",
                "padding_idx": 0,
                "vocab_size": 24960
            }
        },
        {
            "src_col55": {
                "source": "",
                "type": "categorical",
                "padding_idx": 0,
                "vocab_size": 24973
            }
        },
        {
            "src_col56": {
                "source": "",
                "type": "categorical",
                "padding_idx": 0,
                "vocab_size": 24949
            }
        },
        {
            "src_col57": {
                "source": "",
                "type": "categorical",
                "padding_idx": 0,
                "vocab_size": 25019
            }
        },
        {
            "src_col58": {
                "source": "",
                "type": "categorical",
                "padding_idx": 0,
                "vocab_size": 24995
            }
        },
        {
            "src_col59": {
                "source": "",
                "type": "categorical",
                "padding_idx": 0,
                "vocab_size": 24949
            }
        },
        {
            "src_col60": {
                "source": "",
                "type": "categorical",
                "padding_idx": 0,
                "vocab_size": 24955
            }
        },
        {
            "src_col61": {
                "source": "",
                "type": "categorical",
                "padding_idx": 0,
                "vocab_size": 24960
            }
        },
        {
            "src_col62": {
                "source": "",
                "type": "categorical",
                "padding_idx": 0,
                "vocab_size": 24986
            }
        },
        {
            "src_col63": {
                "source": "",
                "type": "categorical",
                "padding_idx": 0,
                "vocab_size": 24927
            }
        },
        {
            "src_col64": {
                "source": "",
                "type": "categorical",
                "padding_idx": 0,
                "vocab_size": 24935
            }
        },
        {
            "dst_col1": {
                "source": "",
                "type": "categorical",
                "padding_idx": 0,
                "vocab_size": 45796
            }
        },
        {
            "dst_col2": {
                "source": "",
                "type": "categorical",
                "padding_idx": 0,
                "vocab_size": 46118
            }
        },
        {
            "dst_col3": {
                "source": "",
                "type": "categorical",
                "padding_idx": 0,
                "vocab_size": 45990
            }
        },
        {
            "dst_col4": {
                "source": "",
                "type": "categorical",
                "padding_idx": 0,
                "vocab_size": 45802
            }
        },
        {
            "dst_col5": {
                "source": "",
                "type": "categorical",
                "padding_idx": 0,
                "vocab_size": 45810
            }
        },
        {
            "dst_col6": {
                "source": "",
                "type": "categorical",
                "padding_idx": 0,
                "vocab_size": 45937
            }
        },
        {
            "dst_col7": {
                "source": "",
                "type": "categorical",
                "padding_idx": 0,
                "vocab_size": 46069
            }
        },
        {
            "dst_col8": {
                "source": "",
                "type": "categorical",
                "padding_idx": 0,
                "vocab_size": 45942
            }
        },
        {
            "dst_col9": {
                "source": "",
                "type": "categorical",
                "padding_idx": 0,
                "vocab_size": 45819
            }
        },
        {
            "dst_col10": {
                "source": "",
                "type": "categorical",
                "padding_idx": 0,
                "vocab_size": 45938
            }
        },
        {
            "dst_col11": {
                "source": "",
                "type": "categorical",
                "padding_idx": 0,
                "vocab_size": 45923
            }
        },
        {
            "dst_col12": {
                "source": "",
                "type": "categorical",
                "padding_idx": 0,
                "vocab_size": 45958
            }
        },
        {
            "dst_col13": {
                "source": "",
                "type": "categorical",
                "padding_idx": 0,
                "vocab_size": 45929
            }
        },
        {
            "dst_col14": {
                "source": "",
                "type": "categorical",
                "padding_idx": 0,
                "vocab_size": 46030
            }
        },
        {
            "dst_col15": {
                "source": "",
                "type": "categorical",
                "padding_idx": 0,
                "vocab_size": 45800
            }
        },
        {
            "dst_col16": {
                "source": "",
                "type": "categorical",
                "padding_idx": 0,
                "vocab_size": 45690
            }
        },
        {
            "dst_col17": {
                "source": "",
                "type": "categorical",
                "padding_idx": 0,
                "vocab_size": 45924
            }
        },
        {
            "dst_col18": {
                "source": "",
                "type": "categorical",
                "padding_idx": 0,
                "vocab_size": 45856
            }
        },
        {
            "dst_col19": {
                "source": "",
                "type": "categorical",
                "padding_idx": 0,
                "vocab_size": 45981
            }
        },
        {
            "dst_col20": {
                "source": "",
                "type": "categorical",
                "padding_idx": 0,
                "vocab_size": 45969
            }
        },
        {
            "dst_col21": {
                "source": "",
                "type": "categorical",
                "padding_idx": 0,
                "vocab_size": 45907
            }
        },
        {
            "dst_col22": {
                "source": "",
                "type": "categorical",
                "padding_idx": 0,
                "vocab_size": 46084
            }
        },
        {
            "dst_col23": {
                "source": "",
                "type": "categorical",
                "padding_idx": 0,
                "vocab_size": 45844
            }
        },
        {
            "dst_col24": {
                "source": "",
                "type": "categorical",
                "padding_idx": 0,
                "vocab_size": 45977
            }
        },
        {
            "dst_col25": {
                "source": "",
                "type": "categorical",
                "padding_idx": 0,
                "vocab_size": 46199
            }
        },
        {
            "dst_col26": {
                "source": "",
                "type": "categorical",
                "padding_idx": 0,
                "vocab_size": 45970
            }
        },
        {
            "dst_col27": {
                "source": "",
                "type": "categorical",
                "padding_idx": 0,
                "vocab_size": 46044
            }
        },
        {
            "dst_col28": {
                "source": "",
                "type": "categorical",
                "padding_idx": 0,
                "vocab_size": 46016
            }
        },
        {
            "dst_col29": {
                "source": "",
                "type": "categorical",
                "padding_idx": 0,
                "vocab_size": 45823
            }
        },
        {
            "dst_col30": {
                "source": "",
                "type": "categorical",
                "padding_idx": 0,
                "vocab_size": 45912
            }
        },
        {
            "dst_col31": {
                "source": "",
                "type": "categorical",
                "padding_idx": 0,
                "vocab_size": 45900
            }
        },
        {
            "dst_col32": {
                "source": "",
                "type": "categorical",
                "padding_idx": 0,
                "vocab_size": 45854
            }
        },
        {
            "dst_col33": {
                "source": "",
                "type": "categorical",
                "padding_idx": 0,
                "vocab_size": 46017
            }
        },
        {
            "dst_col34": {
                "source": "",
                "type": "categorical",
                "padding_idx": 0,
                "vocab_size": 45954
            }
        },
        {
            "dst_col35": {
                "source": "",
                "type": "categorical",
                "padding_idx": 0,
                "vocab_size": 45878
            }
        },
        {
            "dst_col36": {
                "source": "",
                "type": "categorical",
                "padding_idx": 0,
                "vocab_size": 45988
            }
        },
        {
            "dst_col37": {
                "source": "",
                "type": "categorical",
                "padding_idx": 0,
                "vocab_size": 45808
            }
        },
        {
            "dst_col38": {
                "source": "",
                "type": "categorical",
                "padding_idx": 0,
                "vocab_size": 45934
            }
        },
        {
            "dst_col39": {
                "source": "",
                "type": "categorical",
                "padding_idx": 0,
                "vocab_size": 45873
            }
        },
        {
            "dst_col40": {
                "source": "",
                "type": "categorical",
                "padding_idx": 0,
                "vocab_size": 45872
            }
        },
        {
            "dst_col41": {
                "source": "",
                "type": "categorical",
                "padding_idx": 0,
                "vocab_size": 45940
            }
        },
        {
            "dst_col42": {
                "source": "",
                "type": "categorical",
                "padding_idx": 0,
                "vocab_size": 45846
            }
        },
        {
            "dst_col43": {
                "source": "",
                "type": "categorical",
                "padding_idx": 0,
                "vocab_size": 45955
            }
        },
        {
            "dst_col44": {
                "source": "",
                "type": "categorical",
                "padding_idx": 0,
                "vocab_size": 45963
            }
        },
        {
            "dst_col45": {
                "source": "",
                "type": "categorical",
                "padding_idx": 0,
                "vocab_size": 45856
            }
        },
        {
            "dst_col46": {
                "source": "",
                "type": "categorical",
                "padding_idx": 0,
                "vocab_size": 45912
            }
        },
        {
            "dst_col47": {
                "source": "",
                "type": "categorical",
                "padding_idx": 0,
                "vocab_size": 46093
            }
        },
        {
            "dst_col48": {
                "source": "",
                "type": "categorical",
                "padding_idx": 0,
                "vocab_size": 45969
            }
        },
        {
            "dst_col49": {
                "source": "",
                "type": "categorical",
                "padding_idx": 0,
                "vocab_size": 45971
            }
        },
        {
            "dst_col50": {
                "source": "",
                "type": "categorical",
                "padding_idx": 0,
                "vocab_size": 45815
            }
        },
        {
            "dst_col51": {
                "source": "",
                "type": "categorical",
                "padding_idx": 0,
                "vocab_size": 45825
            }
        },
        {
            "dst_col52": {
                "source": "",
                "type": "categorical",
                "padding_idx": 0,
                "vocab_size": 45861
            }
        },
        {
            "dst_col53": {
                "source": "",
                "type": "categorical",
                "padding_idx": 0,
                "vocab_size": 45892
            }
        },
        {
            "dst_col54": {
                "source": "",
                "type": "categorical",
                "padding_idx": 0,
                "vocab_size": 45914
            }
        },
        {
            "dst_col55": {
                "source": "",
                "type": "categorical",
                "padding_idx": 0,
                "vocab_size": 45830
            }
        },
        {
            "dst_col56": {
                "source": "",
                "type": "categorical",
                "padding_idx": 0,
                "vocab_size": 45773
            }
        },
        {
            "dst_col57": {
                "source": "",
                "type": "categorical",
                "padding_idx": 0,
                "vocab_size": 45978
            }
        },
        {
            "dst_col58": {
                "source": "",
                "type": "categorical",
                "padding_idx": 0,
                "vocab_size": 46070
            }
        },
        {
            "dst_col59": {
                "source": "",
                "type": "categorical",
                "padding_idx": 0,
                "vocab_size": 45802
            }
        },
        {
            "dst_col60": {
                "source": "",
                "type": "categorical",
                "padding_idx": 0,
                "vocab_size": 45864
            }
        },
        {
            "dst_col61": {
                "source": "",
                "type": "categorical",
                "padding_idx": 0,
                "vocab_size": 45761
            }
        },
        {
            "dst_col62": {
                "source": "",
                "type": "categorical",
                "padding_idx": 0,
                "vocab_size": 45807
            }
        },
        {
            "dst_col63": {
                "source": "",
                "type": "categorical",
                "padding_idx": 0,
                "vocab_size": 45732
            }
        },
        {
            "dst_col64": {
                "source": "",
                "type": "categorical",
                "padding_idx": 0,
                "vocab_size": 45738
            }
        }
    ]
}